age,sex,job,housing,saving_accounts,checking_account,credit_amount,duration,purpose,default,contract_dt,client_id
33,male,2,own,,,3074,9,radio/TV,0,2008-06-29 18:52:00,210
43,male,1,own,little,little,1344,12,car,0,2007-05-20 18:30:19,929
52,male,2,own,quite rich,,936,9,education,0,2008-04-27 08:23:07,200
35,female,3,own,little,,1393,11,car,0,2007-05-06 10:58:22,45
28,male,2,own,little,,776,12,radio/TV,0,2007-07-21 13:22:14,358
27,female,2,own,little,moderate,1295,18,furniture/equipment,0,2008-06-18 04:10:05,86
29,female,2,own,little,moderate,959,9,furniture/equipment,1,2007-05-21 14:32:00,351
42,female,2,rent,rich,rich,409,12,radio/TV,0,2008-06-05 05:31:13,27
26,male,2,own,little,little,4370,42,radio/TV,1,2007-11-29 00:20:44,639
55,male,2,free,rich,,1555,12,repairs,1,2007-09-11 20:27:28,754
27,female,2,own,little,little,3123,24,car,1,2008-04-16 08:37:35,500
35,male,2,free,little,little,3386,12,car,1,2007-11-16 10:55:10,457
48,male,2,own,little,little,1082,12,car,1,2007-05-13 15:32:57,835
34,male,1,own,moderate,,1743,6,business,0,2008-02-14 01:58:09,348
35,male,2,own,little,moderate,2576,7,radio/TV,0,2008-01-20 14:51:24,447
27,male,2,own,little,,3850,18,car,0,2007-09-03 19:56:34,366
46,male,2,free,quite rich,,727,10,education,0,2007-07-06 20:47:24,354
37,male,3,own,,moderate,4712,24,business,0,2007-11-23 03:51:16,564
29,male,2,own,,,3556,15,car,0,2007-05-06 15:02:50,962
21,female,2,rent,moderate,moderate,3441,30,furniture/equipment,1,2007-10-03 06:52:44,618
20,male,2,own,little,,1313,9,furniture/equipment,0,2007-12-18 13:03:24,428
27,male,1,own,little,little,1168,12,car,0,2008-03-22 10:32:04,201
47,male,2,free,little,,5103,24,radio/TV,0,2007-10-25 09:51:21,683
28,male,2,own,little,,1413,24,radio/TV,0,2007-10-18 06:29:19,508
62,male,2,own,quite rich,,1338,6,domestic appliances,0,2007-08-01 18:36:24,816
39,male,3,rent,little,little,3345,24,furniture/equipment,1,2007-11-11 15:12:09,919
35,male,1,own,moderate,little,4380,18,car,0,2008-01-04 17:17:51,737
33,male,2,rent,little,little,2235,20,car,1,2007-06-19 09:54:24,850
32,male,2,own,moderate,,2848,10,car,0,2007-07-23 04:53:05,916
44,male,2,own,little,little,1478,15,furniture/equipment,0,2007-09-23 07:36:29,479
42,male,1,own,little,,1455,4,car,0,2007-07-16 05:28:49,943
41,male,2,own,moderate,moderate,2503,30,business,0,2008-01-25 07:33:01,703
34,male,2,free,,,6527,60,car,0,2007-10-07 13:02:48,685
24,female,2,own,little,little,3190,18,radio/TV,1,2008-05-29 21:18:31,521
28,male,2,rent,little,little,6199,12,radio/TV,1,2008-01-11 15:16:37,353
56,male,2,own,little,,618,12,radio/TV,0,2007-06-16 17:42:15,90
40,male,1,own,,little,1647,21,car,1,2007-08-16 09:28:14,182
26,female,2,own,little,,2764,33,business,0,2007-08-20 03:50:30,468
36,male,2,own,quite rich,rich,2360,15,car,0,2007-11-01 09:56:05,506
39,male,1,own,little,little,3398,8,car,0,2008-03-16 02:08:20,325
31,male,1,own,little,little,3108,30,furniture/equipment,1,2007-11-21 23:06:14,766
27,male,3,own,little,moderate,14027,60,car,1,2008-03-27 13:35:17,714
30,male,3,own,moderate,little,2249,18,car,0,2008-04-13 05:26:58,88
43,male,2,own,moderate,little,1203,6,car,0,2007-10-30 23:15:38,518
40,male,2,own,quite rich,,2675,22,radio/TV,0,2008-06-18 05:31:44,786
29,male,3,free,little,little,6579,24,car,0,2007-10-05 07:21:04,988
37,male,2,free,,,2279,12,radio/TV,0,2007-06-01 12:33:25,681
22,female,2,rent,little,little,3650,18,furniture/equipment,0,2008-01-07 05:22:14,367
50,male,2,own,rich,,3777,24,furniture/equipment,0,2008-02-12 10:28:30,183
23,female,2,own,quite rich,little,4281,33,furniture/equipment,1,2008-05-30 06:32:01,118
52,female,3,free,,,2133,12,car,0,2007-12-09 10:59:30,584
33,male,2,own,little,,2058,24,repairs,0,2007-05-18 14:32:29,433
45,male,1,own,little,little,4006,28,car,1,2007-05-07 04:53:09,958
26,female,3,rent,little,,4530,30,radio/TV,0,2008-02-15 18:38:25,675
66,male,3,free,little,little,1526,12,car,0,2007-10-02 06:03:15,75
28,male,1,own,little,little,1797,13,business,0,2008-04-10 05:41:12,745
27,male,0,own,rich,rich,709,6,car,0,2008-01-06 13:16:15,140
31,male,3,rent,little,,1963,12,radio/TV,0,2007-10-23 08:08:28,178
25,female,1,own,little,moderate,1355,24,car,1,2008-05-15 10:10:10,634
50,male,3,free,little,little,7476,48,education,0,2007-12-22 19:20:20,650
40,female,2,own,quite rich,,7678,36,furniture/equipment,0,2008-01-21 20:46:25,870
65,female,0,own,little,,1098,18,radio/TV,0,2008-02-24 02:59:17,883
44,female,1,rent,little,rich,1881,12,radio/TV,0,2008-05-25 15:55:22,139
41,male,2,own,,,3160,21,radio/TV,0,2007-05-08 13:26:18,742
70,male,3,free,little,moderate,7308,10,car,0,2008-02-08 02:54:29,163
31,male,2,rent,little,little,3161,24,business,1,2007-06-02 00:46:37,914
24,female,1,rent,,,4811,30,car,0,2008-04-11 03:16:26,306
31,male,2,own,rich,little,3651,12,car,0,2007-05-11 20:35:58,689
40,male,2,rent,,,1386,15,radio/TV,0,2008-03-03 19:17:41,903
41,male,1,own,little,moderate,888,12,car,1,2008-03-28 08:44:59,656
35,male,2,own,moderate,,4151,24,furniture/equipment,0,2007-06-10 17:03:25,253
57,male,1,own,little,little,709,12,radio/TV,1,2007-06-22 06:27:54,849
43,male,2,own,little,,2515,18,furniture/equipment,0,2008-06-06 01:24:10,298
42,male,3,own,little,,2292,12,business,1,2008-05-17 02:30:25,412
23,male,1,rent,quite rich,,660,6,repairs,0,2008-03-04 17:54:14,436
61,male,1,rent,moderate,moderate,2767,21,business,1,2007-12-31 06:49:39,237
40,male,3,own,,little,1358,24,vacation/others,1,2007-12-21 13:27:11,594
28,male,2,own,quite rich,rich,939,12,car,1,2007-06-23 15:41:31,409
32,male,2,own,,,2662,18,car,0,2008-01-13 01:51:28,270
59,male,2,own,little,little,1364,9,radio/TV,0,2007-06-03 20:23:21,848
26,male,2,own,little,,1076,12,business,0,2008-03-10 22:49:37,290
33,male,2,own,little,,3029,15,car,0,2008-01-03 20:56:02,749
29,female,2,own,little,,2171,12,radio/TV,0,2008-04-10 12:04:24,66
36,male,1,own,little,little,1374,6,furniture/equipment,0,2007-11-22 10:11:25,25
27,male,1,own,,,1309,10,car,1,2008-05-15 15:11:49,505
23,male,2,rent,little,little,4110,24,furniture/equipment,1,2007-05-17 21:20:35,334
31,male,3,own,little,,2406,9,furniture/equipment,0,2007-12-21 05:41:36,394
28,male,2,own,little,,9572,36,business,1,2008-01-24 23:02:24,180
41,male,1,own,little,,719,12,education,1,2008-02-29 23:20:50,443
29,female,2,own,,little,915,24,car,1,2007-11-11 01:38:20,240
24,female,2,rent,rich,moderate,433,6,education,1,2008-05-14 09:47:29,721
26,male,2,own,little,little,759,12,car,1,2008-01-04 06:32:49,510
23,female,3,rent,little,moderate,11560,24,car,1,2007-11-26 18:43:08,736
40,male,3,own,little,little,3857,30,car,0,2007-09-11 09:11:18,996
32,male,2,own,little,,2697,9,radio/TV,0,2007-09-20 20:11:26,275
28,male,2,own,moderate,rich,1323,6,car,0,2007-12-04 01:06:54,499
28,female,3,own,moderate,rich,2923,21,car,0,2007-10-16 18:45:51,982
26,female,2,own,,moderate,1715,30,radio/TV,0,2008-02-26 04:57:57,965
36,male,3,own,little,,3275,21,car,0,2008-04-26 16:24:15,772
28,male,3,own,little,moderate,5234,30,car,1,2008-06-13 08:03:11,9
33,male,2,own,little,,6070,18,radio/TV,0,2008-01-31 03:35:00,371
25,male,2,own,moderate,,5511,24,furniture/equipment,0,2008-04-10 01:45:39,311
46,male,2,free,little,little,3931,48,car,1,2007-07-19 19:43:21,814
22,female,2,own,little,moderate,1567,12,radio/TV,0,2008-02-18 23:53:14,12
39,male,3,own,little,,6458,18,car,1,2007-10-03 09:01:24,106
48,male,1,rent,little,little,2241,10,car,0,2007-07-30 07:49:24,22
40,male,1,rent,quite rich,,1597,10,car,0,2008-06-08 12:22:38,413
50,male,2,own,little,little,5293,27,business,1,2007-10-02 01:48:50,212
24,female,2,own,little,moderate,2150,30,car,1,2008-04-08 23:13:24,252
37,male,2,free,,moderate,12389,36,car,1,2007-12-21 00:06:27,563
53,male,2,free,little,little,4870,24,car,1,2007-10-05 03:47:21,4
44,male,2,free,little,,5507,24,repairs,0,2008-06-28 14:08:06,520
46,male,2,own,little,little,697,12,car,1,2008-03-03 20:04:19,925
24,female,2,rent,little,little,4308,48,business,1,2008-04-21 00:30:53,11
23,male,2,own,little,moderate,882,13,radio/TV,0,2007-10-14 21:36:04,346
39,male,2,own,,little,2212,20,furniture/equipment,0,2007-05-05 10:26:21,380
42,male,2,own,,moderate,2427,18,business,0,2007-10-16 17:55:06,977
49,male,2,rent,,,5801,12,furniture/equipment,0,2007-10-25 18:38:51,326
25,female,2,own,,,2394,36,radio/TV,0,2008-04-15 00:05:58,69
29,male,2,own,,,1169,18,radio/TV,0,2008-06-13 12:43:52,894
29,male,3,rent,moderate,moderate,9034,36,furniture/equipment,1,2007-12-12 17:31:32,496
42,male,2,own,little,little,2577,12,furniture/equipment,0,2008-03-25 17:57:21,176
35,male,2,own,quite rich,,2397,24,radio/TV,1,2008-06-23 22:54:32,963
36,male,2,own,little,,4165,18,business,1,2007-08-21 22:39:43,827
27,female,2,own,little,,1185,12,business,0,2007-10-18 13:45:07,243
34,male,3,own,moderate,moderate,6850,15,car,1,2007-10-30 11:44:28,507
22,male,2,free,little,little,3973,14,car,0,2008-03-15 22:06:34,655
41,male,2,own,,moderate,3979,48,radio/TV,0,2007-05-28 21:43:45,568
23,female,2,own,,,996,12,repairs,0,2008-04-26 10:28:29,550
22,male,2,own,little,moderate,3832,30,furniture/equipment,0,2007-11-23 01:53:20,79
54,male,2,own,,,717,24,car,0,2007-07-05 20:13:32,798
36,male,2,own,quite rich,,909,36,car,0,2008-01-09 00:07:15,164
21,female,2,rent,little,,2570,27,car,1,2008-06-14 22:03:03,724
30,male,2,rent,little,,1740,6,radio/TV,0,2008-02-19 07:50:49,960
31,male,2,own,little,little,3104,18,business,0,2007-12-14 14:14:13,216
32,male,2,own,,,7238,48,radio/TV,0,2008-01-31 18:50:38,467
44,female,3,free,little,moderate,12579,24,car,1,2007-06-20 12:13:51,18
22,male,2,own,quite rich,little,2483,24,furniture/equipment,0,2007-07-20 16:19:02,743
28,male,2,own,little,,2284,24,radio/TV,0,2007-08-24 15:24:52,694
74,male,1,own,little,,3448,5,business,0,2007-07-03 02:08:34,430
25,female,2,own,little,,7855,36,car,1,2007-06-18 03:26:21,113
21,male,2,own,little,,15653,60,radio/TV,0,2008-04-26 15:28:20,637
68,male,3,own,little,little,14896,6,car,1,2008-05-09 12:43:29,917
32,male,2,own,little,moderate,2273,36,education,0,2007-12-15 04:05:05,530
22,male,1,rent,little,moderate,276,9,car,0,2007-10-08 00:11:40,309
38,male,3,own,,,3229,18,car,0,2007-09-04 13:01:11,352
21,male,2,rent,little,,1766,6,furniture/equipment,0,2007-06-27 17:43:28,363
28,male,1,own,little,little,654,9,car,1,2007-10-07 03:58:45,472
35,male,3,own,little,moderate,1050,6,furniture/equipment,0,2008-06-03 04:45:01,663
35,female,2,free,quite rich,,5324,15,car,0,2008-01-29 18:59:16,705
39,male,2,own,quite rich,,2299,36,radio/TV,0,2008-04-05 13:03:10,46
23,female,0,rent,quite rich,little,1352,6,car,0,2008-04-29 13:46:11,47
37,female,1,own,little,little,1274,12,car,1,2008-02-01 04:21:14,747
24,female,2,rent,little,little,1207,24,car,1,2007-07-16 07:59:42,504
22,female,2,rent,moderate,,2301,9,furniture/equipment,0,2008-01-26 08:59:35,795
30,male,2,rent,little,moderate,2002,12,car,0,2007-05-07 17:46:15,923
30,male,2,own,little,moderate,1056,18,car,1,2008-02-21 06:51:59,580
25,male,2,own,little,,1262,12,radio/TV,0,2007-08-10 09:59:07,52
34,male,1,own,,,1898,6,radio/TV,0,2007-07-19 00:24:14,159
33,male,1,own,little,little,2579,12,car,1,2008-01-23 15:07:52,416
23,female,2,own,little,little,1498,12,radio/TV,0,2007-12-05 18:26:16,934
21,male,2,rent,little,little,902,12,education,1,2008-03-11 20:03:58,203
30,male,3,own,little,,1820,18,car,0,2007-12-09 00:46:16,390
52,female,1,own,moderate,,362,6,car,0,2007-07-18 00:00:18,379
33,female,1,own,,,797,12,radio/TV,1,2007-06-12 03:53:21,92
33,female,3,own,little,rich,1474,12,furniture/equipment,0,2008-06-11 07:03:12,34
25,male,2,own,little,moderate,4933,39,radio/TV,1,2008-03-24 13:27:34,780
35,male,1,free,,,9055,36,education,0,2008-04-26 09:03:21,5
28,male,2,own,little,little,5371,36,furniture/equipment,0,2007-11-09 06:36:14,148
20,female,2,rent,little,little,2039,18,furniture/equipment,1,2008-05-22 20:07:24,585
28,male,2,own,,moderate,1887,18,business,0,2008-01-18 22:26:33,401
23,female,2,own,little,,2288,21,furniture/equipment,0,2008-06-11 08:20:48,144
54,male,2,own,little,little,3051,48,domestic appliances,1,2007-08-05 13:32:56,813
30,female,2,own,little,moderate,918,9,furniture/equipment,1,2007-05-15 03:04:49,601
23,male,2,own,little,rich,3913,36,radio/TV,0,2007-12-10 22:03:05,217
26,female,2,own,little,,1453,18,radio/TV,0,2007-06-23 17:27:00,679
29,female,2,own,little,,518,6,radio/TV,0,2008-01-27 03:55:06,451
45,male,1,own,little,little,339,12,education,0,2007-06-23 13:29:45,157
22,female,2,own,little,moderate,1670,9,radio/TV,1,2008-04-30 13:16:52,931
28,male,2,own,little,little,4169,24,furniture/equipment,0,2008-05-13 02:22:21,338
41,female,1,own,rich,,250,6,car,0,2007-05-17 04:07:19,725
30,male,2,own,little,little,2121,12,car,0,2007-06-02 03:46:50,125
27,male,2,own,little,little,3552,24,furniture/equipment,1,2007-11-03 04:06:20,558
56,male,2,free,little,rich,4796,42,car,0,2008-02-05 12:23:59,293
52,male,2,own,moderate,,2223,24,radio/TV,0,2007-06-01 04:40:51,773
46,male,2,rent,little,moderate,1223,12,car,1,2007-11-30 01:24:36,398
51,male,2,free,,little,7511,18,car,1,2008-02-01 11:10:42,796
27,male,2,own,,moderate,3711,36,education,0,2007-06-27 06:22:04,907
25,male,2,own,,,3105,24,radio/TV,0,2008-06-22 04:25:24,534
49,male,2,own,little,moderate,8386,30,furniture/equipment,1,2008-04-10 21:32:37,980
28,female,2,rent,quite rich,moderate,4113,24,car,1,2008-05-15 03:58:26,952
34,male,2,own,moderate,moderate,2622,18,business,0,2008-05-10 05:32:20,97
23,female,2,rent,little,little,2406,30,furniture/equipment,1,2007-12-29 20:14:30,359
36,male,2,own,little,little,1372,12,car,1,2007-05-21 22:46:32,566
33,male,2,own,little,rich,6289,42,business,0,2007-11-15 16:25:29,986
40,male,1,own,little,little,3939,11,car,0,2008-02-20 21:26:05,969
58,female,1,free,little,little,6143,48,car,1,2008-05-05 22:47:48,44
52,male,3,own,,moderate,6468,12,radio/TV,1,2008-01-03 21:31:30,56
35,male,2,own,little,little,691,12,car,1,2008-01-04 12:06:09,759
32,male,2,own,little,moderate,6078,12,car,0,2007-05-15 05:45:35,107
61,male,1,own,little,,1255,12,car,0,2008-03-15 12:17:22,544
23,male,2,own,,moderate,1444,15,radio/TV,0,2007-07-30 07:29:04,632
37,male,2,own,,,10222,48,radio/TV,0,2008-04-23 15:19:11,657
67,male,2,own,,little,1169,6,radio/TV,0,2008-01-06 06:36:56,0
41,male,2,own,little,rich,2116,6,furniture/equipment,0,2008-05-15 14:53:25,626
49,male,2,own,,,2331,12,radio/TV,0,2008-06-19 10:57:04,356
32,male,2,own,little,,1552,24,radio/TV,0,2007-10-03 11:59:15,547
27,male,2,own,,,1221,6,furniture/equipment,0,2007-07-14 01:29:26,792
37,male,2,own,little,rich,1225,10,domestic appliances,0,2007-11-28 06:30:44,38
38,male,1,own,little,little,708,12,furniture/equipment,0,2008-02-12 04:00:47,316
45,male,3,own,little,little,8978,14,car,1,2007-11-19 15:48:19,268
44,male,2,free,quite rich,,10127,48,car,1,2007-11-01 04:48:07,304
23,female,2,rent,little,rich,392,15,education,0,2008-06-02 05:48:09,111
38,male,3,free,little,little,10623,30,car,0,2007-05-20 01:43:05,205
45,male,3,own,little,,6761,6,car,0,2007-12-08 03:26:09,738
23,male,2,own,little,moderate,15672,48,business,1,2007-11-30 06:46:27,887
31,male,1,own,little,moderate,1521,10,furniture/equipment,0,2007-10-23 15:30:10,339
31,female,3,own,quite rich,,2782,21,car,0,2008-01-10 14:02:34,418
55,female,2,own,little,little,1603,24,radio/TV,0,2008-01-14 06:22:11,261
24,male,2,rent,moderate,little,6187,30,car,0,2007-07-21 21:40:35,43
38,male,3,own,rich,,5711,36,car,0,2007-05-06 18:06:16,778
29,female,2,own,little,little,3499,12,car,1,2007-09-20 07:23:44,129
37,male,2,own,little,little,3620,36,furniture/equipment,0,2007-12-09 19:40:43,460
25,female,2,rent,,little,1371,24,car,1,2007-11-09 03:10:57,775
26,male,2,own,little,moderate,907,8,business,0,2007-05-23 22:13:16,810
28,female,2,own,little,little,3660,24,radio/TV,0,2008-01-26 12:52:50,630
25,female,2,rent,little,,3972,24,furniture/equipment,0,2007-06-30 20:03:08,168
29,female,2,own,little,little,1893,12,car,0,2008-05-17 15:41:53,954
22,male,2,rent,moderate,moderate,3092,24,radio/TV,1,2008-04-26 09:28:41,470
30,female,2,own,moderate,,1864,18,education,1,2008-05-06 06:52:04,331
26,male,2,rent,,,2445,12,car,0,2007-06-25 03:01:23,104
35,male,1,own,rich,moderate,1941,18,business,0,2007-08-10 08:56:22,785
31,male,1,own,little,,1546,10,car,0,2007-06-30 03:59:55,941
28,female,2,own,little,,1382,6,radio/TV,0,2008-06-28 12:33:38,196
27,male,2,own,moderate,moderate,4576,45,car,0,2008-04-17 11:41:03,999
33,male,2,own,little,,5150,24,furniture/equipment,0,2007-12-08 23:58:17,676
31,male,2,own,moderate,,5742,36,business,0,2007-10-11 03:14:00,671
35,male,2,free,,,8858,48,car,0,2007-11-18 20:04:35,549
51,female,2,own,moderate,,682,12,car,0,2007-09-27 05:59:47,147
40,male,0,own,little,moderate,3590,18,business,0,2008-02-01 17:14:11,950
25,male,2,own,little,little,975,15,furniture/equipment,0,2007-06-26 00:37:25,690
35,male,2,own,,,1979,15,radio/TV,0,2008-03-03 11:32:53,625
36,male,3,own,,,1238,6,education,0,2008-06-26 15:10:16,473
28,female,2,rent,rich,,2603,24,car,0,2008-02-09 15:56:45,733
32,female,1,own,moderate,moderate,931,6,car,1,2007-05-15 00:49:44,595
25,male,2,own,little,little,2136,9,furniture/equipment,0,2007-05-30 23:33:54,434
22,male,2,own,little,moderate,1331,12,radio/TV,1,2008-06-02 07:16:14,555
24,female,2,rent,,little,1275,15,domestic appliances,1,2007-10-23 02:58:49,337
26,male,1,own,,,783,6,car,0,2007-09-26 00:04:01,55
27,female,2,own,little,,3609,48,business,0,2008-01-05 19:59:56,667
26,female,3,rent,,,5433,24,car,0,2008-02-08 20:00:45,572
24,female,3,own,moderate,moderate,7408,60,car,1,2007-08-30 20:44:44,332
52,male,1,own,little,little,2315,10,radio/TV,0,2008-04-20 22:24:11,84
26,male,2,own,,,5248,21,car,0,2008-03-14 18:09:46,748
33,male,2,own,little,,1851,24,radio/TV,0,2008-03-13 16:22:16,643
49,male,1,own,,rich,1445,18,radio/TV,0,2008-05-12 23:02:49,282
25,female,1,own,little,rich,2327,15,radio/TV,1,2007-07-04 17:07:24,834
36,male,2,rent,little,little,2799,9,car,0,2007-07-18 19:32:17,586
74,male,0,own,little,rich,1299,6,car,0,2007-12-16 10:33:44,756
30,male,2,own,little,,707,12,radio/TV,0,2008-04-16 12:31:53,222
35,male,1,rent,moderate,,1418,10,car,0,2008-01-13 02:24:59,488
32,male,1,free,little,little,1442,18,car,1,2007-06-03 17:20:48,853
23,female,0,rent,quite rich,moderate,3758,24,radio/TV,0,2008-01-30 11:15:04,347
24,female,1,rent,moderate,,11590,48,car,1,2008-02-29 13:25:58,333
43,female,1,own,rich,,1516,24,radio/TV,0,2008-04-02 11:57:05,399
20,female,2,rent,,,4675,12,car,0,2008-06-06 19:31:48,296
54,male,2,own,little,little,1409,12,car,0,2007-10-18 09:06:59,91
26,male,2,own,moderate,little,1382,24,business,0,2008-04-28 00:19:09,872
63,male,1,own,little,,1655,12,radio/TV,0,2008-04-28 17:09:38,769
43,male,3,own,little,little,2442,27,business,0,2008-05-24 04:39:29,890
39,female,2,own,little,little,860,6,car,0,2008-01-10 15:51:25,146
50,male,2,own,little,,1559,24,business,0,2008-03-18 23:11:57,843
38,male,3,own,,,2859,12,car,0,2007-10-24 01:08:58,947
24,male,2,own,moderate,moderate,6560,48,car,1,2007-07-11 18:49:28,706
24,female,1,rent,moderate,,1568,18,business,0,2008-01-27 13:17:10,82
28,female,2,own,moderate,moderate,2278,18,car,1,2007-06-30 08:47:44,556
27,male,3,own,little,little,3416,27,radio/TV,0,2007-12-08 18:02:06,142
35,male,2,own,little,,2346,24,car,0,2007-11-18 09:26:36,654
66,male,0,free,quite rich,rich,1480,12,car,0,2007-10-17 15:20:08,774
34,male,1,own,moderate,,1569,15,radio/TV,0,2007-05-06 00:45:52,991
57,male,2,free,little,moderate,2225,36,car,1,2007-05-17 20:02:00,54
43,male,2,own,little,,1935,12,furniture/equipment,0,2007-06-03 11:35:18,206
30,female,3,own,little,moderate,4795,36,radio/TV,0,2007-05-01 12:42:45,141
36,female,1,own,rich,,1572,21,business,0,2007-05-31 15:59:25,592
37,male,1,own,,,3565,12,education,0,2007-05-09 09:22:47,990
24,female,2,rent,little,,1554,6,radio/TV,0,2008-03-14 06:47:02,817
58,male,2,own,,,1867,30,radio/TV,0,2008-06-28 11:49:14,928
52,male,2,own,little,,717,12,radio/TV,0,2007-09-24 11:40:56,246
30,male,3,own,,,11054,36,car,0,2008-05-04 05:03:38,450
30,male,3,free,,,12680,21,car,1,2007-06-05 09:37:57,763
33,female,2,own,little,,2831,30,radio/TV,0,2008-03-01 01:37:55,974
21,male,2,rent,little,moderate,2779,18,car,0,2008-06-06 15:51:39,425
22,male,2,own,little,little,2462,18,furniture/equipment,1,2007-12-27 20:26:52,143
33,female,2,own,little,little,1131,18,furniture/equipment,1,2008-05-09 00:03:40,166
34,male,2,own,little,,2759,12,furniture/equipment,0,2007-08-27 10:22:28,452
47,female,2,free,moderate,rich,1377,24,radio/TV,0,2008-03-08 12:06:19,702
51,male,2,own,little,,1595,6,radio/TV,0,2007-12-12 23:35:37,241
26,female,2,rent,little,,1388,9,furniture/equipment,0,2007-05-19 03:13:40,582
36,male,3,rent,,moderate,7057,20,car,0,2007-12-29 16:10:08,99
51,male,2,free,little,rich,2892,24,furniture/equipment,0,2007-11-23 16:22:05,793
26,male,1,own,moderate,,4272,30,business,0,2007-06-09 02:34:24,384
42,male,2,own,little,little,4153,18,furniture/equipment,1,2008-05-25 01:14:59,899
33,male,2,own,moderate,,1474,24,car,0,2007-07-30 10:27:09,855
59,female,2,own,,,5045,15,car,0,2007-08-20 20:54:43,760
49,female,2,own,little,little,428,6,furniture/equipment,0,2008-01-22 18:33:55,750
36,male,3,rent,moderate,moderate,6967,24,business,0,2008-01-14 15:06:15,154
29,female,2,own,rich,little,3357,21,radio/TV,0,2008-02-26 06:58:48,612
21,female,2,rent,little,little,1049,18,furniture/equipment,0,2008-01-18 23:42:52,926
23,female,2,rent,little,little,1442,24,car,1,2007-11-20 22:00:13,596
42,female,2,rent,,moderate,1965,24,car,0,2008-04-06 01:54:13,591
36,male,2,own,quite rich,,4042,42,furniture/equipment,0,2007-10-16 01:03:04,628
47,male,2,own,,,3578,48,radio/TV,0,2007-07-30 09:29:11,115
28,male,1,own,little,moderate,484,6,radio/TV,0,2007-06-07 21:06:35,811
36,male,2,own,quite rich,,1262,15,domestic appliances,0,2007-12-19 17:23:07,162
20,male,3,rent,little,little,1107,12,radio/TV,0,2007-09-21 15:49:22,905
74,female,3,free,little,moderate,5129,9,car,1,2007-10-07 15:37:47,186
53,male,2,free,little,little,7119,48,furniture/equipment,1,2008-01-27 03:00:10,522
27,male,3,free,little,little,1422,9,car,1,2007-12-06 21:34:06,878
39,female,1,own,rich,little,666,6,car,0,2008-03-26 14:06:37,250
24,male,2,own,quite rich,,2569,39,car,0,2008-06-23 22:21:06,476
43,male,1,own,little,,1533,18,furniture/equipment,1,2008-06-09 20:14:01,948
40,male,2,own,,,3077,30,radio/TV,0,2007-10-08 23:19:47,716
54,male,2,own,rich,moderate,1318,12,car,0,2008-06-09 19:42:27,94
23,female,2,own,little,rich,1275,10,furniture/equipment,0,2008-03-04 09:38:39,604
46,male,2,own,little,little,2348,36,furniture/equipment,0,2008-03-22 01:15:53,397
24,male,2,own,quite rich,,2080,6,car,0,2007-07-28 12:32:25,673
31,female,2,own,moderate,,1532,15,education,0,2007-05-13 21:40:39,526
20,female,2,rent,rich,,3186,15,car,0,2008-05-06 18:34:56,420
33,male,3,rent,little,,4844,48,business,1,2008-02-28 23:18:30,981
23,female,2,rent,little,,7127,36,furniture/equipment,1,2007-12-21 11:57:27,517
30,female,3,own,little,moderate,5096,48,furniture/equipment,1,2007-09-20 17:29:02,444
32,male,2,own,little,,4594,18,radio/TV,0,2008-03-20 10:03:45,459
27,male,2,rent,,,7980,36,business,1,2007-09-30 14:55:22,645
60,male,1,own,little,little,1199,24,car,1,2008-01-06 16:32:25,13
39,male,3,own,little,moderate,11938,24,vacation/others,1,2008-06-28 23:47:51,105
29,male,2,rent,little,,2108,6,radio/TV,0,2008-03-24 08:46:19,193
23,male,2,rent,rich,,3368,15,car,0,2007-10-10 10:40:42,280
32,male,2,own,little,,701,12,education,0,2007-05-31 08:44:12,318
31,male,3,own,,,8947,36,car,0,2007-09-27 05:44:38,895
24,male,1,own,little,little,1747,24,furniture/equipment,0,2007-05-15 12:35:27,930
25,female,2,own,little,moderate,1206,9,radio/TV,0,2008-06-09 18:17:07,708
27,male,1,own,little,,937,24,education,0,2007-09-26 18:17:40,579
34,male,2,own,little,,2320,18,radio/TV,0,2007-05-09 20:22:22,376
25,male,2,own,little,rich,5152,24,radio/TV,0,2007-09-01 09:22:02,477
23,female,2,rent,,little,8471,18,education,0,2007-07-03 15:59:16,417
26,female,0,own,little,rich,609,12,business,1,2007-10-09 21:37:50,439
30,male,3,own,little,moderate,5965,27,car,0,2007-07-17 05:22:43,51
31,male,2,own,moderate,moderate,6148,20,car,0,2007-05-22 19:16:03,719
19,female,1,rent,rich,moderate,983,12,furniture/equipment,0,2007-05-14 13:52:15,391
23,male,2,free,little,little,1845,45,radio/TV,1,2007-11-03 14:50:49,998
26,female,2,own,little,moderate,9960,48,furniture/equipment,1,2008-06-13 04:01:23,295
36,male,2,own,little,little,1721,15,car,0,2007-10-01 00:57:11,461
65,male,0,own,little,little,3394,42,repairs,0,2008-03-21 23:45:10,438
37,male,1,own,,rich,1344,24,car,1,2007-10-25 08:36:46,302
42,male,3,own,moderate,moderate,8086,36,car,1,2007-07-06 19:23:01,653
28,male,2,own,rich,,2142,11,business,0,2007-07-18 18:12:52,913
32,female,2,own,little,,4611,6,furniture/equipment,1,2008-03-20 11:50:01,278
24,female,2,own,,,874,15,domestic appliances,0,2008-03-19 10:52:31,873
46,male,2,own,little,,2611,24,radio/TV,0,2007-07-31 21:17:07,839
29,male,2,own,moderate,moderate,1437,9,car,1,2007-05-15 01:29:42,627
57,female,2,rent,rich,little,3622,30,furniture/equipment,0,2007-07-27 23:21:09,482
35,male,2,free,little,,1471,15,radio/TV,0,2007-12-13 03:50:35,852
34,male,2,own,rich,,2578,24,radio/TV,0,2007-06-05 22:15:08,567
46,female,1,own,little,,3594,15,car,0,2007-07-20 05:49:16,908
48,male,3,own,,moderate,12204,48,business,0,2008-04-03 22:04:42,615
25,male,2,own,little,,1258,24,business,0,2007-10-11 10:05:55,245
23,female,1,own,little,moderate,2101,13,radio/TV,0,2007-06-30 13:04:06,336
64,female,2,own,little,moderate,753,6,radio/TV,0,2008-06-11 14:41:43,976
22,female,2,own,little,,1808,18,furniture/equipment,1,2007-06-20 02:53:22,614
46,male,2,own,rich,,1149,18,radio/TV,0,2007-07-19 07:16:01,427
22,female,2,own,little,moderate,5951,48,radio/TV,1,2007-10-14 01:49:00,1
29,male,1,own,little,little,3590,12,furniture/equipment,0,2007-12-19 09:24:45,874
26,male,3,own,quite rich,,3235,24,radio/TV,0,2008-03-15 10:28:15,408
27,male,1,own,little,,2708,15,furniture/equipment,0,2008-04-08 19:52:22,132
64,female,2,own,little,,1364,10,car,0,2008-06-23 23:46:18,219
23,female,1,rent,little,little,3234,24,furniture/equipment,1,2008-01-11 21:00:22,570
31,male,2,own,little,moderate,1935,24,business,1,2007-11-28 00:26:14,169
35,male,2,rent,little,moderate,1919,9,furniture/equipment,0,2008-01-19 13:36:45,103
32,male,2,own,little,,1530,18,car,1,2007-09-24 11:41:22,621
21,male,1,rent,little,little,1987,24,radio/TV,1,2007-09-19 00:03:58,731
38,male,2,own,,,3914,48,business,1,2007-11-06 02:33:15,622
30,male,1,own,little,,2028,24,furniture/equipment,0,2007-12-23 02:44:41,984
29,male,2,own,little,little,6887,36,education,1,2008-03-25 02:07:43,131
56,female,2,own,little,,1538,6,education,0,2008-04-19 04:44:40,680
57,male,1,rent,,,1264,12,business,0,2007-09-02 10:14:09,33
36,male,3,free,,moderate,12169,48,car,0,2008-06-11 20:09:12,272
50,female,2,free,moderate,moderate,2671,36,radio/TV,1,2008-03-06 17:47:40,607
27,male,2,own,little,little,5998,40,education,1,2008-03-14 20:43:54,789
39,male,1,own,,,9436,54,car,0,2007-09-27 18:28:50,78
31,male,2,own,little,little,2746,36,furniture/equipment,1,2007-07-25 03:14:13,315
28,male,2,own,little,,1249,24,car,0,2008-01-02 07:52:34,847
26,male,2,own,quite rich,moderate,1158,12,radio/TV,0,2008-02-12 23:01:45,41
49,male,2,own,little,little,1038,10,car,0,2008-02-04 00:03:40,303
45,female,1,own,,,3835,36,radio/TV,0,2007-09-11 02:11:06,211
26,female,1,rent,little,little,3599,21,furniture/equipment,0,2008-01-02 16:15:14,341
30,female,2,own,,little,7721,24,furniture/equipment,0,2008-06-12 10:26:07,108
42,male,3,free,little,little,7763,48,car,1,2008-02-11 23:40:05,538
37,male,2,free,little,,1819,36,education,1,2007-08-17 13:11:51,68
33,male,2,own,little,,1478,15,radio/TV,0,2008-01-18 07:40:46,682
38,male,2,own,,moderate,368,6,radio/TV,0,2007-06-25 07:34:56,493
27,female,2,rent,moderate,moderate,951,12,furniture/equipment,1,2007-08-28 17:15:58,197
23,female,1,rent,little,little,6229,36,furniture/equipment,1,2007-12-10 15:53:53,59
33,female,2,own,,,1927,24,education,0,2007-08-06 20:49:36,577
30,male,2,own,moderate,moderate,3566,48,business,0,2008-02-04 05:46:26,145
19,female,2,rent,little,,1980,9,furniture/equipment,1,2007-09-27 09:04:53,633
38,male,1,own,little,moderate,1308,15,repairs,0,2007-08-12 03:28:06,641
22,female,2,rent,little,,433,18,radio/TV,1,2007-07-10 07:57:53,249
49,male,2,own,moderate,rich,1126,9,radio/TV,0,2008-02-09 09:16:52,502
44,male,3,rent,little,little,3384,6,furniture/equipment,1,2008-05-20 09:38:42,335
39,female,2,own,little,moderate,1188,21,business,1,2007-06-15 05:04:28,790
28,male,2,free,little,,3343,15,furniture/equipment,0,2008-05-20 00:45:08,857
27,female,2,own,moderate,,1237,6,radio/TV,0,2007-08-15 08:25:05,492
47,male,2,own,quite rich,,1213,15,radio/TV,0,2007-11-29 12:43:49,81
34,male,2,own,little,moderate,5800,36,car,0,2008-04-20 04:10:51,893
31,male,2,own,little,,1360,15,radio/TV,0,2007-12-01 06:47:37,185
48,female,1,own,,moderate,4351,24,furniture/equipment,0,2007-09-13 21:57:22,317
47,male,1,own,quite rich,,1316,15,radio/TV,0,2008-01-13 10:00:14,726
60,male,2,own,rich,,1940,24,car,0,2008-05-15 13:26:20,781
26,female,0,rent,little,moderate,1778,15,car,1,2008-05-06 02:24:15,809
22,male,2,own,moderate,moderate,1514,15,repairs,0,2007-10-15 21:49:52,970
31,male,2,own,moderate,,3621,24,radio/TV,1,2007-08-24 07:56:59,949
65,male,2,own,,,930,12,radio/TV,0,2007-07-14 05:21:00,807
47,male,1,own,little,,2538,24,car,1,2008-05-05 18:49:24,978
36,male,2,own,little,moderate,2337,36,radio/TV,0,2007-10-27 02:39:21,98
24,female,2,rent,little,little,652,12,furniture/equipment,0,2007-12-08 05:56:40,869
38,female,2,own,,,1240,12,radio/TV,0,2007-07-02 05:34:35,135
29,male,2,rent,,,7166,42,radio/TV,0,2007-06-17 12:52:20,968
26,female,2,own,little,,2404,18,radio/TV,0,2008-04-28 08:12:00,276
33,male,2,own,moderate,little,2359,24,furniture/equipment,1,2007-10-19 22:09:29,918
28,male,2,own,little,moderate,1068,6,radio/TV,0,2007-11-16 22:35:11,329
30,male,3,own,moderate,moderate,1919,30,radio/TV,1,2008-04-01 04:29:06,935
41,male,3,own,,,6313,24,car,0,2007-08-17 01:11:10,791
27,female,2,own,little,moderate,2930,12,radio/TV,0,2007-10-28 02:51:26,576
44,female,2,own,,,5943,24,radio/TV,1,2007-07-18 00:36:56,80
39,male,1,own,little,,426,6,radio/TV,0,2008-04-24 02:51:06,26
44,male,2,own,quite rich,,2375,24,business,0,2008-05-01 11:27:03,830
39,male,2,free,,rich,1271,15,radio/TV,1,2007-07-30 12:09:48,757
31,male,2,own,,,929,24,furniture/equipment,0,2007-07-14 22:21:50,942
49,male,2,free,,little,2964,24,car,0,2008-06-10 19:01:19,560
24,male,2,own,,moderate,2030,9,furniture/equipment,0,2007-07-05 08:17:37,254
27,male,1,own,,moderate,7418,60,radio/TV,0,2008-02-02 14:05:02,255
36,male,2,own,little,moderate,884,18,car,1,2007-05-02 06:22:11,184
30,female,2,own,quite rich,moderate,8358,48,car,0,2008-04-30 16:52:53,945
44,male,2,own,little,little,1553,18,furniture/equipment,1,2007-12-12 10:49:28,631
46,female,2,rent,little,little,1845,15,furniture/equipment,0,2007-06-12 18:52:38,944
47,male,2,free,,little,8335,36,car,1,2007-08-25 09:18:57,828
48,male,2,own,little,little,1024,24,radio/TV,1,2007-07-07 02:32:54,289
43,male,2,free,little,little,1333,24,car,1,2007-05-29 01:19:02,545
36,male,2,own,little,,1542,12,business,0,2008-01-28 07:06:49,365
35,male,2,own,,,976,12,radio/TV,0,2007-05-24 20:47:40,803
37,male,1,own,little,moderate,1922,12,furniture/equipment,1,2008-02-11 05:57:31,651
29,female,0,own,,moderate,3990,36,domestic appliances,0,2007-05-28 12:18:34,735
23,male,1,own,little,moderate,1246,24,car,1,2008-02-26 05:40:20,355
37,female,2,rent,little,little,7685,48,business,1,2007-06-09 04:30:16,375
63,male,3,free,,,13756,60,car,0,2007-06-01 13:18:05,373
23,female,2,rent,little,little,2511,15,car,0,2008-01-28 15:12:26,746
47,male,2,own,little,rich,3017,30,radio/TV,0,2008-04-20 13:34:15,669
43,male,2,own,,,2197,24,car,0,2008-01-29 07:56:58,406
23,male,1,rent,,little,1936,18,radio/TV,0,2008-01-08 16:34:07,992
29,male,1,own,,moderate,2333,24,furniture/equipment,0,2008-03-20 05:38:14,50
34,female,3,own,little,moderate,2064,24,furniture/equipment,1,2008-05-25 22:20:50,172
25,male,1,rent,little,,2210,10,furniture/equipment,1,2007-09-25 01:26:07,864
57,female,1,own,moderate,,1154,11,radio/TV,0,2007-12-16 05:21:45,259
29,male,2,own,little,little,5179,36,furniture/equipment,1,2008-05-09 10:01:21,840
28,female,2,rent,little,little,1403,15,car,0,2008-05-24 20:02:10,14
35,female,2,own,rich,,1592,12,furniture/equipment,0,2007-05-10 23:13:42,897
53,male,3,free,little,little,7865,12,furniture/equipment,1,2008-05-01 20:40:34,227
25,female,2,own,,moderate,2762,12,furniture/equipment,1,2007-11-07 19:44:50,424
36,male,3,free,little,little,5302,18,car,0,2008-05-29 13:56:58,262
35,female,1,own,quite rich,,3447,12,education,0,2007-12-11 23:50:12,244
30,male,3,own,little,little,3959,36,furniture/equipment,0,2008-04-23 17:59:18,993
27,female,2,own,little,,1449,9,business,0,2008-02-29 11:12:50,389
46,female,1,own,little,rich,2251,12,furniture/equipment,0,2008-05-19 15:55:37,251
68,male,0,free,little,moderate,1175,16,car,0,2007-09-21 21:22:16,187
42,male,2,free,moderate,,1346,6,radio/TV,0,2008-05-29 22:33:33,150
46,male,2,own,little,,1829,15,radio/TV,0,2007-11-25 01:42:43,891
54,male,3,own,rich,,4591,24,business,1,2008-04-16 08:39:58,190
34,female,2,own,little,,1493,12,radio/TV,0,2007-11-17 01:57:32,638
24,female,2,own,little,little,4272,20,furniture/equipment,0,2007-06-24 22:13:55,802
32,male,2,rent,quite rich,,3062,24,furniture/equipment,0,2008-04-07 01:37:18,794
33,male,3,own,little,moderate,4439,18,business,0,2007-11-23 00:36:34,343
30,male,2,own,little,,1224,9,car,0,2008-01-31 07:25:49,932
25,female,1,own,moderate,moderate,2631,15,repairs,0,2007-11-29 17:45:11,691
28,male,3,rent,little,moderate,9398,36,car,1,2008-04-02 08:50:26,291
36,male,2,free,,,846,7,radio/TV,0,2007-09-18 11:13:20,377
29,male,3,own,little,moderate,11328,24,vacation/others,1,2008-04-06 11:54:47,431
43,male,3,own,little,little,15857,36,vacation/others,0,2007-05-16 07:20:08,818
28,male,1,rent,little,moderate,6260,18,car,0,2008-04-20 21:45:26,112
23,female,1,own,moderate,moderate,836,12,car,1,2007-08-29 11:44:09,783
34,male,3,own,moderate,,1591,21,furniture/equipment,0,2007-06-12 15:13:03,423
26,male,2,own,little,rich,1925,24,furniture/equipment,0,2008-01-23 15:20:04,248
37,female,2,own,little,,3380,4,car,0,2007-12-15 09:16:23,734
24,male,2,own,little,little,2145,36,business,1,2007-12-19 05:49:15,951
63,male,2,own,,,1520,15,furniture/equipment,0,2007-06-23 03:53:15,283
36,male,2,own,little,moderate,3915,27,business,1,2008-03-10 10:37:02,192
34,male,3,own,little,moderate,1860,12,car,0,2007-05-14 02:57:26,128
45,male,3,own,moderate,,8588,39,car,0,2008-06-24 00:47:21,509
44,female,3,free,little,little,6419,24,car,0,2008-01-16 05:11:13,292
57,male,3,free,little,moderate,14318,36,car,1,2007-12-16 18:47:38,378
22,male,2,free,little,little,3149,24,furniture/equipment,0,2007-12-24 12:03:24,229
39,male,1,own,moderate,moderate,1037,12,business,0,2008-02-18 02:55:57,478
40,male,0,free,,moderate,5381,48,vacation/others,0,2008-03-18 18:40:46,310
47,male,2,free,little,,1984,18,furniture/equipment,0,2007-09-18 07:43:16,133
39,male,1,rent,little,little,2122,12,car,0,2008-04-02 03:22:18,494
30,male,2,own,little,moderate,7966,26,car,0,2007-11-08 13:56:18,525
36,female,2,own,little,rich,2247,12,car,0,2008-04-24 08:01:14,362
47,male,2,own,little,moderate,2353,21,car,0,2007-11-19 04:28:09,961
34,male,2,own,little,little,6999,48,radio/TV,1,2008-02-13 08:21:05,552
75,female,3,own,,little,1374,6,car,0,2007-11-06 00:46:31,536
55,male,3,free,little,moderate,9283,42,car,0,2007-07-17 11:55:51,808
63,male,2,own,little,little,2924,24,car,0,2007-10-27 22:14:23,465
31,male,1,own,little,moderate,1410,12,education,0,2007-07-21 21:07:44,782
36,male,2,free,,,700,6,radio/TV,0,2007-12-21 13:57:45,519
30,male,3,rent,little,moderate,2063,6,radio/TV,0,2007-10-29 16:26:45,937
23,female,2,rent,little,,1236,9,domestic appliances,0,2007-06-22 18:02:50,350
21,male,1,own,little,little,6568,24,business,0,2007-12-06 19:41:49,208
26,male,2,own,little,,1934,12,radio/TV,0,2008-04-27 08:01:16,490
34,female,1,free,little,moderate,1837,24,education,1,2007-07-16 20:32:23,602
24,male,2,own,moderate,moderate,5595,72,radio/TV,1,2008-01-03 20:45:43,677
29,female,2,own,little,little,3959,15,car,1,2008-02-18 03:49:42,858
49,male,1,own,little,,2096,12,education,0,2008-05-25 04:50:44,2
27,male,2,own,rich,,8613,27,car,0,2007-12-02 23:43:44,136
31,male,1,own,moderate,moderate,9857,36,business,0,2007-07-12 01:25:41,684
24,male,2,rent,little,moderate,2323,36,radio/TV,0,2007-11-28 16:56:30,101
43,male,2,own,,moderate,2899,18,car,0,2008-01-15 10:44:09,404
30,male,3,own,,little,14179,39,furniture/equipment,0,2008-05-27 05:00:40,744
35,female,2,own,little,,1291,12,radio/TV,0,2007-07-06 04:07:50,238
22,female,2,rent,little,little,3632,24,car,0,2008-04-09 21:51:10,613
40,male,1,rent,little,little,684,12,education,1,2008-03-16 10:10:02,649
33,male,2,own,little,moderate,1245,18,radio/TV,1,2007-07-17 08:27:55,474
28,male,2,own,rich,little,2659,18,furniture/equipment,0,2007-11-27 07:46:09,323
37,female,2,own,little,moderate,3612,18,furniture/equipment,0,2007-12-31 02:58:16,537
44,male,2,rent,quite rich,little,2647,6,radio/TV,0,2007-05-08 02:13:03,21
26,female,2,own,little,,763,12,furniture/equipment,0,2007-11-24 20:44:12,171
38,male,1,own,little,,1495,12,car,0,2007-07-08 22:25:08,204
23,female,1,rent,little,,601,4,furniture/equipment,0,2007-08-08 10:14:01,837
34,male,1,own,little,little,11998,30,repairs,1,2008-05-26 12:22:26,274
29,male,1,own,,rich,1494,4,car,0,2008-01-30 10:29:25,314
51,male,3,free,little,little,1164,8,vacation/others,0,2007-05-20 23:14:00,72
24,male,2,own,little,little,9271,36,car,1,2007-05-13 05:13:03,805
25,female,2,rent,little,little,1882,18,radio/TV,1,2007-11-09 07:02:45,727
31,male,2,free,little,,6110,48,education,0,2008-02-17 23:29:54,36
33,male,2,own,little,moderate,1414,8,radio/TV,0,2007-10-03 04:31:32,173
25,male,1,own,little,moderate,685,12,car,1,2007-06-09 00:54:24,313
50,male,2,rent,quite rich,,1236,6,car,0,2007-08-07 21:38:36,695
37,male,2,own,,,7409,36,business,0,2007-07-12 16:29:02,868
35,male,2,own,little,,5842,36,car,0,2007-07-05 09:02:00,415
24,male,2,free,little,little,4605,48,car,1,2007-11-09 00:44:55,242
45,male,2,free,little,little,7882,42,furniture/equipment,0,2008-02-02 07:35:12,3
29,female,1,rent,quite rich,,1123,12,furniture/equipment,1,2008-01-16 03:27:15,700
38,male,2,free,,moderate,6681,48,business,0,2008-05-04 08:10:09,829
55,female,0,free,little,little,1190,18,repairs,1,2007-05-05 00:14:17,429
37,female,2,rent,quite rich,,1402,12,furniture/equipment,0,2007-08-13 14:32:51,271
28,male,2,own,little,moderate,3060,48,radio/TV,1,2007-06-04 15:23:32,273
38,male,2,own,,moderate,754,12,education,0,2008-06-19 21:26:30,463
38,male,2,free,little,rich,947,24,car,1,2007-06-09 21:10:22,648
61,male,2,own,rich,moderate,1512,15,repairs,1,2008-03-26 15:24:41,449
34,male,2,own,little,,1950,18,business,0,2007-05-22 11:05:25,464
65,male,2,own,little,little,571,21,car,0,2008-04-19 06:52:58,179
42,male,2,own,quite rich,,522,12,radio/TV,0,2007-09-15 19:31:16,933
32,male,1,own,rich,,4526,27,furniture/equipment,0,2007-07-21 21:32:38,863
31,male,2,own,,,3378,18,car,0,2007-06-30 16:22:32,53
67,female,3,own,little,moderate,1199,9,education,0,2007-08-28 13:10:58,554
64,male,1,own,,,3832,9,education,0,2007-06-01 11:55:15,629
27,male,3,own,little,,6314,24,vacation/others,0,2007-06-30 23:13:06,665
38,male,2,own,moderate,moderate,1216,24,radio/TV,1,2007-12-13 02:50:30,503
28,female,2,rent,moderate,moderate,2631,15,car,1,2008-01-17 09:28:52,531
26,female,1,rent,moderate,moderate,4280,30,business,1,2007-10-28 03:28:48,739
25,female,2,own,little,,2238,18,radio/TV,0,2007-10-02 16:19:44,385
39,male,3,own,little,,1884,12,car,0,2008-04-30 08:37:10,440
35,male,2,rent,moderate,,1204,6,car,0,2008-04-23 03:34:19,247
35,male,1,own,little,,2684,24,radio/TV,0,2007-12-30 00:40:33,256
24,male,1,rent,little,little,3021,24,furniture/equipment,0,2008-01-03 16:18:07,218
36,male,2,own,rich,rich,1275,24,business,0,2008-03-24 23:06:05,729
29,male,2,free,little,little,2149,12,radio/TV,1,2007-12-19 16:47:44,257
37,male,2,own,little,moderate,802,15,radio/TV,1,2007-12-16 22:59:30,265
27,male,1,own,little,moderate,1082,9,radio/TV,0,2007-07-26 08:24:48,574
32,male,2,free,little,,3863,24,business,0,2007-09-16 02:57:37,599
39,female,1,own,,moderate,932,6,education,0,2007-05-01 20:28:44,215
61,male,1,own,rich,,3059,12,radio/TV,0,2008-06-04 00:29:45,8
42,male,2,own,little,,3331,12,furniture/equipment,0,2007-10-08 14:40:27,867
32,male,2,own,moderate,little,2325,24,car,0,2007-08-01 03:15:42,740
42,female,2,own,,moderate,5084,24,radio/TV,0,2008-06-25 04:38:45,833
29,female,1,rent,little,little,1659,24,radio/TV,1,2007-06-01 06:50:39,466
30,female,3,own,,little,7174,42,radio/TV,1,2007-11-30 07:36:16,116
36,male,3,free,little,little,1872,6,furniture/equipment,0,2007-09-27 17:37:49,432
23,female,2,rent,moderate,moderate,1553,24,radio/TV,0,2007-10-20 04:49:56,565
31,male,2,own,little,,2775,18,car,1,2007-05-01 23:14:02,598
29,male,2,own,little,moderate,2629,20,vacation/others,0,2008-03-23 12:57:07,442
42,male,3,own,little,,10366,60,car,0,2007-07-03 16:44:22,672
20,male,2,own,,little,2996,24,furniture/equipment,1,2007-05-01 07:17:29,495
31,male,1,own,little,moderate,1928,18,furniture/equipment,1,2007-11-13 05:27:58,559
23,female,2,own,moderate,,3812,15,car,0,2008-06-25 16:13:42,258
52,male,2,own,little,,3077,12,radio/TV,0,2007-09-09 03:42:33,486
25,female,2,rent,little,little,1433,15,furniture/equipment,0,2008-06-05 12:57:22,985
34,male,1,own,little,rich,2864,18,furniture/equipment,1,2008-05-24 15:53:11,543
27,female,2,rent,,moderate,1924,18,furniture/equipment,1,2008-02-20 08:32:03,124
30,male,2,own,,moderate,2028,12,car,0,2008-02-19 04:25:28,421
30,male,2,free,moderate,moderate,2862,36,car,0,2007-12-14 01:30:56,687
27,male,2,own,rich,moderate,10961,48,radio/TV,1,2008-03-28 03:53:10,226
37,male,1,own,little,rich,3949,10,car,0,2007-06-30 23:56:46,344
28,female,1,own,little,rich,745,9,radio/TV,1,2008-03-16 14:16:23,936
47,male,2,own,little,,3422,18,furniture/equipment,0,2007-09-07 14:50:59,844
42,male,1,own,little,,1503,4,radio/TV,0,2007-10-04 20:48:21,527
41,male,1,own,quite rich,,2580,21,business,1,2008-03-30 16:48:24,674
31,male,2,own,moderate,moderate,1449,6,business,0,2007-09-23 23:01:25,110
26,male,2,own,little,moderate,1424,12,domestic appliances,0,2008-03-11 17:42:25,207
32,male,3,free,little,,4686,36,car,0,2008-01-06 15:35:07,511
36,male,2,rent,little,little,3905,11,car,0,2007-07-31 02:12:14,456
25,male,1,own,little,moderate,866,18,radio/TV,0,2008-03-14 22:24:51,233
27,male,3,free,,moderate,9157,60,radio/TV,0,2007-11-18 05:52:51,616
46,male,2,free,little,little,6331,48,car,1,2007-06-05 00:52:21,701
25,male,2,own,,,999,24,radio/TV,0,2007-12-20 12:23:00,269
59,female,2,rent,little,moderate,6416,48,business,1,2008-04-09 16:35:01,728
38,male,3,own,little,,7814,24,car,0,2008-03-20 16:43:52,880
64,male,1,rent,little,little,2384,24,radio/TV,0,2007-11-14 06:12:32,678
40,male,2,own,little,,1585,24,furniture/equipment,0,2007-05-29 06:55:31,497
23,female,2,rent,little,little,1216,18,car,1,2007-11-10 06:35:31,831
23,female,2,own,little,little,448,6,education,1,2008-03-30 14:35:47,471
28,male,3,own,little,moderate,4249,30,car,1,2008-05-31 12:00:45,320
63,male,2,own,,,7596,30,car,0,2008-05-24 16:51:10,715
25,female,1,own,little,moderate,4736,24,furniture/equipment,1,2007-09-23 20:18:57,911
28,female,3,rent,little,little,2606,21,radio/TV,0,2008-01-01 23:17:47,896
50,male,2,own,,moderate,1537,15,radio/TV,0,2007-11-08 20:14:02,61
46,male,2,own,rich,,1582,18,radio/TV,0,2008-02-19 23:07:30,149
22,male,2,own,little,,1478,9,radio/TV,1,2007-06-11 14:15:21,228
74,male,3,own,little,,4526,24,business,0,2008-01-25 14:18:30,606
49,male,1,own,,rich,3656,30,radio/TV,0,2007-11-24 04:59:52,956
42,male,2,free,little,moderate,6288,60,education,1,2008-01-09 08:34:05,938
32,male,2,rent,moderate,moderate,11760,39,education,0,2008-05-12 10:01:40,395
54,female,2,rent,little,moderate,7432,36,car,0,2008-01-26 19:59:02,815
49,male,1,own,little,moderate,3124,12,car,0,2007-08-19 22:25:28,581
36,male,2,own,rich,moderate,1913,18,business,0,2007-12-15 01:46:11,30
25,female,2,rent,little,moderate,2969,12,furniture/equipment,1,2007-11-20 05:52:16,707
35,male,2,own,quite rich,moderate,1410,14,business,0,2007-10-31 12:45:10,109
36,male,1,own,little,moderate,4241,24,business,1,2008-01-26 10:44:55,597
33,male,1,rent,little,moderate,2384,36,repairs,1,2007-08-29 20:44:34,583
63,male,2,own,little,little,2957,24,car,0,2008-03-05 22:47:45,838
29,female,2,own,little,rich,683,6,radio/TV,0,2007-06-18 05:30:53,562
75,male,3,free,little,little,6615,24,car,0,2007-05-06 09:37:45,330
27,male,2,own,,rich,1347,10,radio/TV,0,2008-03-24 17:28:25,686
32,male,2,own,rich,moderate,2745,21,furniture/equipment,0,2007-08-17 23:01:28,299
48,female,1,rent,little,moderate,1795,18,radio/TV,0,2008-06-05 14:27:09,801
22,male,1,own,little,moderate,454,6,repairs,0,2008-01-10 11:30:51,964
25,male,1,own,little,moderate,4746,45,radio/TV,1,2007-11-21 00:25:22,35
60,male,3,own,,moderate,6468,20,car,0,2007-10-25 07:38:04,784
35,male,2,own,,moderate,3976,21,furniture/equipment,0,2007-12-10 17:19:11,845
34,male,2,own,little,little,3965,42,radio/TV,1,2007-05-31 01:28:04,76
43,male,1,own,little,,7393,24,car,0,2008-04-18 10:35:09,971
53,female,3,own,,,7485,30,car,1,2008-04-23 17:31:50,175
38,female,0,own,little,,926,12,car,0,2008-01-24 12:11:28,697
36,male,2,own,moderate,,2872,24,radio/TV,0,2008-05-18 21:49:20,160
40,male,3,rent,little,rich,1905,15,education,0,2007-12-25 21:09:37,699
26,male,1,own,little,moderate,590,6,radio/TV,0,2007-09-15 14:49:50,806
36,male,3,free,little,little,1940,18,radio/TV,0,2007-05-28 20:16:13,876
42,female,3,free,little,moderate,8318,27,business,1,2007-12-14 08:38:00,491
20,female,2,own,rich,moderate,1577,11,furniture/equipment,0,2007-07-03 09:23:24,167
67,female,2,own,little,moderate,3872,18,repairs,0,2007-12-24 12:25:28,779
38,male,2,own,little,,804,12,radio/TV,0,2007-12-25 17:09:27,997
49,male,1,own,little,,640,12,car,0,2008-01-27 04:44:15,619
23,female,1,own,little,little,976,18,car,1,2007-07-03 15:46:43,751
35,female,1,own,little,little,10722,47,car,0,2008-03-26 18:22:32,285
40,male,2,rent,,,7824,28,car,0,2007-08-14 23:16:46,889
24,male,2,own,little,rich,5848,36,radio/TV,0,2007-08-04 15:52:08,152
27,male,2,own,rich,,5804,24,car,0,2007-11-24 10:21:49,860
26,male,2,own,little,little,8229,36,car,1,2007-08-23 19:11:54,983
63,male,2,free,little,rich,781,10,car,0,2008-01-13 19:10:05,123
28,male,2,own,little,,2169,18,business,1,2008-01-16 03:28:16,861
32,female,1,own,moderate,little,1282,24,radio/TV,1,2008-05-19 06:04:20,15
27,male,2,own,moderate,moderate,1995,12,car,0,2007-05-18 06:47:54,553
34,female,2,own,little,little,1842,36,car,1,2008-04-14 07:26:31,446
28,male,2,rent,little,moderate,3617,12,furniture/equipment,0,2007-08-21 18:09:07,768
43,male,2,rent,little,little,2625,16,car,1,2008-04-06 17:15:18,900
22,female,2,own,moderate,little,741,12,domestic appliances,1,2007-10-23 10:59:50,610
42,male,2,free,little,little,5493,36,car,0,2008-04-22 18:50:55,501
37,male,2,own,little,,3535,36,car,0,2008-03-03 17:13:14,776
31,male,3,free,moderate,moderate,7582,48,vacation/others,0,2007-07-10 08:52:45,287
40,male,3,own,little,moderate,4297,18,furniture/equipment,1,2007-10-30 09:14:11,199
58,male,2,rent,little,moderate,15945,54,business,1,2007-08-04 20:10:36,95
34,male,2,own,little,moderate,2415,7,radio/TV,0,2008-06-10 16:13:51,28
28,female,3,own,little,,3349,36,furniture/equipment,1,2008-03-11 09:57:00,603
36,male,2,free,,moderate,2760,24,car,0,2007-05-27 08:24:55,198
27,female,2,own,little,little,343,6,domestic appliances,0,2007-11-11 12:50:49,458
32,male,3,free,little,,1505,18,radio/TV,0,2007-06-20 17:24:32,717
50,male,2,own,,,2390,12,car,0,2008-01-15 19:50:44,994
51,male,2,own,little,moderate,4771,11,radio/TV,0,2007-05-31 21:42:49,77
35,male,2,own,moderate,,2753,9,radio/TV,0,2008-05-09 08:19:49,688
46,male,3,own,,,2476,21,car,0,2008-01-16 20:22:34,712
34,female,2,own,rich,,1525,24,car,0,2008-06-18 20:55:56,327
39,male,2,own,little,,1473,18,radio/TV,0,2008-02-19 12:05:15,400
31,female,2,own,little,little,6758,48,radio/TV,1,2007-09-02 04:25:41,569
33,female,2,rent,little,little,3966,18,car,1,2008-02-13 07:12:52,826
26,female,2,rent,,little,2812,24,car,0,2007-08-08 19:59:40,770
28,female,2,own,moderate,,2073,12,radio/TV,0,2007-09-23 05:07:18,49
27,male,2,own,little,moderate,3652,21,business,0,2007-08-08 15:01:42,620
28,male,1,own,little,,2993,21,car,0,2008-06-01 18:28:27,841
45,male,2,own,little,little,2303,24,car,1,2008-05-21 03:04:08,652
21,female,2,own,,,886,12,radio/TV,0,2007-07-10 21:31:59,836
23,male,2,rent,little,rich,1297,12,radio/TV,0,2007-06-27 12:52:53,660
28,male,2,own,little,little,1108,12,repairs,1,2007-05-06 11:10:24,89
36,male,3,own,little,,1278,24,radio/TV,0,2007-05-09 14:03:37,904
26,male,2,own,little,little,3414,21,education,1,2008-05-01 16:43:44,174
20,male,2,rent,little,moderate,585,12,radio/TV,0,2008-02-02 22:31:47,513
25,female,2,own,little,,5771,30,radio/TV,0,2007-11-29 23:04:30,753
38,female,3,free,little,moderate,12976,18,car,1,2008-02-08 12:05:38,381
33,female,2,own,little,moderate,3244,18,furniture/equipment,0,2007-11-06 11:38:46,189
27,male,2,own,little,,1101,12,car,0,2007-08-08 03:35:37,820
39,male,2,own,little,little,2522,30,radio/TV,0,2008-01-27 21:17:35,239
41,female,3,rent,little,,3868,24,car,0,2008-04-23 20:00:01,121
24,male,2,own,little,,1800,18,radio/TV,0,2007-08-27 20:40:49,698
43,male,2,own,,,4042,24,car,0,2008-06-06 20:42:57,851
23,female,1,rent,moderate,moderate,841,12,business,0,2008-05-19 13:45:47,752
24,male,2,own,little,little,9629,36,car,1,2007-09-03 18:18:48,812
20,female,2,rent,quite rich,,2221,15,furniture/equipment,0,2007-07-28 14:41:53,865
35,male,2,own,moderate,,2141,12,radio/TV,0,2008-06-25 20:00:39,232
33,female,1,own,,moderate,3195,9,car,0,2008-02-14 00:24:38,909
32,male,2,own,little,little,1938,24,radio/TV,1,2007-05-20 11:20:10,321
43,female,1,own,little,,1459,15,radio/TV,0,2008-02-20 03:51:57,345
35,female,2,own,,little,1381,24,car,1,2007-08-01 03:20:11,414
47,male,3,own,little,moderate,1209,6,car,1,2007-05-03 10:29:01,485
24,male,1,own,little,little,2214,12,radio/TV,0,2007-11-06 15:09:47,762
41,male,2,rent,little,,1503,12,car,0,2007-11-30 00:59:12,532
23,female,2,rent,little,,2146,10,furniture/equipment,0,2007-11-03 17:01:41,372
35,male,3,rent,little,moderate,6948,36,car,0,2008-04-05 17:27:37,7
22,female,1,own,little,little,806,15,business,0,2007-11-10 07:00:10,573
49,female,2,own,little,moderate,1092,12,radio/TV,0,2007-05-01 08:41:46,288
24,female,2,rent,little,little,2124,18,furniture/equipment,1,2007-06-02 06:58:10,761
35,male,3,own,little,,2670,24,car,0,2008-04-17 14:53:42,453
34,male,1,free,moderate,moderate,3844,48,business,1,2008-04-17 21:45:21,191
48,male,1,own,little,moderate,1743,24,radio/TV,0,2008-04-13 13:36:06,989
20,male,2,own,moderate,little,674,12,radio/TV,1,2008-03-28 10:18:33,188
60,male,2,free,little,,2032,24,car,0,2007-07-19 02:59:31,541
23,female,2,own,moderate,,3488,24,car,0,2007-06-22 19:45:09,523
28,female,2,own,quite rich,,1376,24,radio/TV,0,2008-04-19 17:30:07,636
27,male,1,own,little,,802,14,car,0,2007-11-09 05:18:30,403
22,male,2,own,rich,moderate,1007,12,car,0,2007-07-17 12:33:24,67
58,female,1,own,little,little,385,12,radio/TV,0,2007-08-13 22:20:49,590
63,male,2,own,little,little,6836,60,business,1,2007-12-25 20:29:33,29
25,female,3,own,little,little,8065,36,education,1,2008-02-06 22:40:46,771
41,male,1,own,little,little,662,6,car,0,2007-11-21 14:31:30,529
26,female,2,own,quite rich,,1386,12,car,1,2008-01-02 17:25:03,647
32,female,3,own,little,moderate,18424,48,vacation/others,1,2007-12-21 01:36:29,915
45,female,2,own,little,moderate,2329,7,radio/TV,0,2007-09-04 12:42:27,600
37,male,3,own,quite rich,,12749,48,radio/TV,0,2007-09-17 03:19:41,921
41,male,1,rent,moderate,,1469,24,car,0,2007-08-21 14:53:04,100
39,male,3,free,little,little,3249,36,car,0,2008-06-18 02:26:36,392
39,male,2,free,little,little,10297,48,car,1,2007-08-26 05:39:47,927
33,male,2,own,little,,2051,18,radio/TV,0,2008-01-05 21:06:15,608
33,male,2,own,rich,,1543,6,furniture/equipment,0,2007-08-21 22:04:16,305
35,male,2,own,,moderate,2728,15,radio/TV,0,2008-04-09 16:38:33,138
27,male,2,own,little,moderate,1391,9,business,0,2008-04-04 11:44:47,60
32,female,2,rent,,little,1285,24,car,1,2007-11-03 19:15:44,755
34,female,3,own,little,moderate,1501,9,education,1,2007-07-18 22:04:00,195
47,male,1,own,little,little,731,8,car,0,2008-06-11 09:24:32,823
29,female,0,rent,little,little,1193,24,car,1,2008-03-06 22:55:51,972
26,male,2,rent,little,rich,2687,15,business,0,2007-10-08 15:59:07,512
41,female,1,rent,,,1244,9,education,0,2007-11-09 01:25:54,445
45,male,2,own,little,,10875,36,car,0,2008-03-16 19:14:36,854
42,male,2,own,little,little,3446,36,furniture/equipment,1,2008-05-12 08:15:21,368
37,female,2,own,rich,,1287,24,car,0,2008-04-23 07:28:22,437
36,male,3,own,quite rich,moderate,2366,12,car,0,2007-10-18 22:49:15,119
24,female,0,rent,,moderate,7472,12,car,0,2008-06-03 15:12:10,804
54,male,2,own,,,2255,24,car,0,2007-11-07 16:32:00,514
40,male,3,own,little,moderate,7374,18,furniture/equipment,0,2007-07-31 22:20:29,387
38,male,2,own,moderate,moderate,3512,24,car,0,2007-11-02 22:02:10,158
26,male,2,own,little,rich,4210,36,radio/TV,1,2008-01-13 10:17:44,230
27,male,2,own,little,moderate,2820,36,car,1,2008-06-18 03:26:37,578
36,female,2,own,little,,1028,18,car,0,2008-03-18 12:11:07,324
26,female,2,rent,little,little,3114,18,furniture/equipment,1,2008-06-06 20:08:14,475
38,male,2,own,little,,5954,30,radio/TV,0,2008-02-29 04:54:22,571
24,male,1,own,,little,3763,21,car,0,2007-05-27 20:24:22,906
27,female,2,own,little,little,2389,18,radio/TV,0,2007-10-15 09:23:54,866
46,male,1,rent,,,730,7,radio/TV,0,2008-02-17 15:19:37,71
44,male,2,own,quite rich,,1163,12,car,0,2007-05-31 22:45:27,484
27,female,2,rent,,little,2132,10,furniture/equipment,0,2008-04-24 05:50:51,117
30,male,3,own,quite rich,,2333,30,radio/TV,0,2007-05-05 01:25:39,40
20,female,2,rent,little,little,1282,12,furniture/equipment,1,2008-05-28 02:39:39,155
40,female,2,own,rich,moderate,1322,11,car,0,2007-11-14 02:55:59,875
24,male,2,own,little,rich,3016,12,radio/TV,0,2008-06-20 00:45:14,821
24,female,1,own,little,little,1228,12,car,1,2008-01-27 18:06:04,722
28,female,2,own,little,moderate,4221,30,business,0,2007-09-06 15:59:50,658
50,male,2,free,little,moderate,6224,48,education,1,2008-04-25 03:59:32,788
23,male,0,own,,moderate,14555,6,car,1,2008-03-30 12:45:07,236
26,male,2,own,,,2069,10,furniture/equipment,0,2007-08-18 04:05:05,24
47,male,1,own,little,little,1217,18,domestic appliances,1,2007-10-01 05:46:03,588
32,male,2,free,rich,moderate,1136,9,education,1,2007-05-31 09:21:46,349
34,male,2,own,rich,moderate,3496,30,furniture/equipment,0,2008-04-06 14:13:01,666
38,female,2,own,little,,1533,24,radio/TV,0,2007-10-01 00:15:31,267
36,male,2,rent,little,little,7297,60,business,1,2007-08-02 15:47:08,973
25,female,2,own,little,little,1835,21,radio/TV,1,2008-01-26 20:42:30,120
26,male,1,own,little,moderate,625,12,radio/TV,0,2007-11-08 22:49:21,220
43,male,2,own,little,moderate,4057,24,furniture/equipment,1,2008-01-27 04:04:17,884
24,female,2,own,little,,2788,15,furniture/equipment,0,2008-04-02 17:26:17,575
31,female,1,own,little,,1736,12,furniture/equipment,0,2007-12-30 13:29:15,995
44,female,1,own,little,moderate,760,8,radio/TV,0,2007-07-29 21:03:22,732
37,male,2,own,moderate,moderate,3878,24,car,0,2008-03-26 05:27:10,284
31,male,2,own,quite rich,,3430,24,radio/TV,0,2007-07-06 10:15:26,19
22,male,2,own,quite rich,little,2828,24,furniture/equipment,0,2007-09-28 08:48:44,605
30,male,2,own,moderate,moderate,5866,18,car,0,2007-07-28 03:19:22,32
29,female,3,own,little,,2679,24,car,0,2008-01-11 22:27:17,455
29,male,2,rent,little,little,11816,45,business,1,2008-06-12 14:41:52,832
40,male,1,own,little,moderate,1155,12,radio/TV,0,2007-06-18 05:11:00,765
50,male,2,own,little,,2241,21,furniture/equipment,0,2007-12-05 14:29:04,662
51,male,1,free,quite rich,,2507,9,car,0,2007-10-17 00:15:58,231
32,male,1,own,little,moderate,1301,18,radio/TV,0,2008-04-06 22:49:36,498
55,male,2,own,rich,,1413,12,car,0,2007-05-05 06:35:11,209
27,male,2,own,little,little,4020,24,furniture/equipment,0,2008-01-18 13:11:14,31
25,male,1,own,little,little,1138,9,radio/TV,0,2008-05-15 12:11:08,713
40,female,2,own,,,894,10,education,0,2008-06-21 04:16:34,856
39,male,1,own,little,,7228,11,car,0,2007-11-20 19:06:04,48
30,female,2,own,little,little,1620,12,furniture/equipment,0,2007-10-04 18:12:59,441
37,female,2,own,little,,2022,24,car,0,2007-12-17 02:59:23,546
36,male,2,own,,,6304,36,business,0,2007-11-24 14:39:44,266
21,male,1,own,little,little,1289,12,furniture/equipment,0,2007-08-31 14:37:00,587
24,male,1,rent,little,little,1546,24,radio/TV,1,2007-12-13 11:31:17,561
45,male,2,free,,,1300,15,car,0,2008-01-01 20:23:17,609
26,male,2,rent,moderate,,3577,9,car,0,2007-12-07 13:04:37,859
52,male,2,own,quite rich,little,338,6,radio/TV,0,2007-07-13 08:05:52,177
33,male,2,rent,little,rich,2319,21,education,1,2007-05-15 12:17:00,535
29,male,2,own,little,,2743,28,radio/TV,0,2007-08-08 17:47:59,426
53,male,2,own,,,2424,24,radio/TV,0,2007-08-27 01:31:03,16
40,female,2,rent,little,moderate,3001,18,furniture/equipment,0,2007-07-03 13:27:22,369
61,male,3,free,little,moderate,1953,36,business,1,2007-05-13 06:39:55,62
31,female,2,own,little,little,1957,6,radio/TV,0,2007-05-14 14:58:10,393
21,male,2,rent,moderate,moderate,3031,45,radio/TV,1,2007-06-24 02:29:05,194
46,male,3,own,,,6842,24,car,0,2007-06-12 01:12:33,939
25,female,2,own,,moderate,2991,30,radio/TV,0,2008-04-04 05:14:29,912
50,female,1,own,little,rich,1047,6,education,0,2007-09-10 19:04:25,664
33,female,2,own,,moderate,1042,18,car,1,2008-02-26 23:20:58,419
57,female,3,rent,rich,little,1231,24,radio/TV,0,2007-10-01 17:13:22,955
26,female,3,own,little,,10974,36,furniture/equipment,1,2008-02-16 01:02:59,953
22,male,2,own,little,moderate,2039,24,radio/TV,1,2007-05-18 13:28:18,405
24,male,2,own,little,moderate,458,9,radio/TV,0,2007-10-31 20:05:16,39
23,male,1,own,quite rich,moderate,2520,27,radio/TV,1,2008-05-02 09:16:05,966
22,female,1,rent,little,,1258,12,furniture/equipment,0,2007-08-20 00:34:30,797
68,male,2,rent,,,6761,18,car,1,2007-11-14 12:15:04,846
25,male,2,own,,little,8072,30,business,0,2008-05-30 06:04:58,17
28,female,2,own,little,,1817,18,furniture/equipment,0,2007-06-06 19:42:31,920
27,female,0,own,little,little,750,18,education,1,2008-06-26 05:43:30,640
30,male,2,free,quite rich,little,3349,24,furniture/equipment,1,2008-05-11 19:20:05,946
31,male,2,own,,little,6350,30,furniture/equipment,1,2007-06-18 09:15:56,542
24,female,2,free,little,moderate,5743,24,education,0,2007-07-17 12:04:57,340
54,female,0,own,little,,672,6,car,0,2008-06-17 05:11:35,300
26,male,2,own,moderate,,1311,24,radio/TV,0,2007-10-14 12:11:47,533
27,male,2,own,little,little,1053,15,radio/TV,0,2008-04-01 10:42:09,407
54,male,2,free,little,,1597,24,education,0,2007-12-20 14:35:29,800
45,female,1,own,little,rich,3049,18,furniture/equipment,0,2007-12-14 00:46:25,539
23,female,1,own,little,moderate,3573,12,radio/TV,0,2007-11-17 18:41:27,480
22,female,2,rent,little,little,1366,9,radio/TV,1,2007-07-29 13:47:47,922
48,male,2,own,,,5190,27,repairs,0,2007-11-19 21:36:37,65
35,female,2,free,little,little,1198,6,education,1,2007-09-27 05:54:11,711
36,male,2,own,,,6742,30,radio/TV,0,2007-09-29 14:55:00,879
53,female,2,own,little,little,795,12,education,1,2008-01-03 02:38:44,885
30,male,3,own,little,little,1823,24,radio/TV,1,2007-09-14 11:08:27,235
30,male,2,free,moderate,moderate,3069,24,furniture/equipment,0,2007-11-26 15:42:29,959
46,male,3,own,,,7629,48,business,0,2007-09-04 10:12:48,294
45,male,3,own,,,3527,12,car,0,2007-11-08 15:45:20,940
42,female,2,own,little,moderate,3804,36,radio/TV,1,2007-12-23 14:16:07,301
34,male,3,own,little,,6614,36,car,0,2008-02-06 03:50:01,888
37,male,1,own,little,moderate,2118,9,radio/TV,0,2007-05-15 08:47:51,709
26,male,2,own,little,rich,1330,12,car,0,2008-04-14 21:50:27,383
30,male,2,own,little,little,1602,21,car,0,2007-11-02 19:28:39,825
55,male,2,own,little,little,6872,24,furniture/equipment,1,2007-10-29 13:53:53,924
38,male,2,own,,,2751,48,car,0,2007-08-20 22:08:17,787
48,male,2,own,moderate,little,1288,9,repairs,0,2007-06-04 17:04:04,156
26,male,2,own,little,,5117,27,business,0,2007-08-03 08:49:37,202
40,male,3,own,,little,1977,36,education,1,2008-01-23 23:15:50,74
23,male,1,own,little,moderate,1048,10,radio/TV,0,2007-10-07 00:56:05,741
25,male,2,rent,moderate,moderate,1264,15,car,1,2007-12-28 08:38:58,979
55,female,3,free,little,little,2578,12,furniture/equipment,0,2008-05-22 21:01:10,396
40,male,3,own,moderate,,4623,15,education,1,2008-03-29 00:56:50,642
66,male,1,own,quite rich,moderate,766,12,radio/TV,1,2007-10-26 17:35:49,137
61,female,2,own,,,2012,12,education,0,2007-08-03 01:24:22,96
34,female,3,rent,little,moderate,3017,12,furniture/equipment,0,2008-04-21 15:41:30,462
32,male,2,own,,,2978,24,business,0,2008-01-17 07:26:30,223
21,female,2,own,moderate,,10144,60,radio/TV,0,2008-05-23 10:06:59,134
35,female,2,own,little,little,2439,24,radio/TV,1,2008-02-21 23:54:43,862
41,male,2,own,little,little,2712,36,furniture/equipment,1,2007-09-18 10:27:44,822
25,male,0,own,little,little,2473,18,furniture/equipment,1,2008-01-08 09:23:03,364
37,male,1,own,little,moderate,1154,9,radio/TV,0,2008-05-05 08:07:35,957
26,male,2,own,little,little,4788,48,car,0,2008-01-28 02:37:49,286
34,male,3,free,little,little,2910,24,car,0,2008-06-08 14:29:04,322
58,female,1,own,little,little,1755,24,vacation/others,0,2007-11-26 13:20:24,83
27,male,1,own,moderate,,4139,24,business,0,2007-11-17 02:06:41,670
30,female,2,own,rich,,960,15,furniture/equipment,0,2008-03-21 13:26:11,483
31,male,2,own,,rich,3148,24,radio/TV,0,2008-04-06 05:34:53,718
37,male,3,own,,rich,3399,12,radio/TV,0,2008-01-29 15:02:18,361
26,female,2,own,little,rich,3749,24,furniture/equipment,0,2007-06-26 00:14:54,312
32,male,3,own,quite rich,,629,18,radio/TV,0,2008-05-09 09:14:31,710
31,male,2,own,little,little,4817,24,car,1,2007-06-11 00:02:37,454
40,male,1,own,little,little,701,12,radio/TV,0,2007-05-31 08:32:19,126
25,male,2,own,little,moderate,14421,48,business,1,2008-01-11 22:06:07,63
24,female,2,own,,moderate,8487,48,car,0,2007-07-16 05:12:39,130
34,male,2,own,,moderate,2825,24,business,0,2008-06-25 16:49:45,886
20,male,2,rent,,rich,3617,24,furniture/equipment,0,2007-11-17 11:34:02,93
25,female,2,rent,little,moderate,1295,12,car,1,2007-11-07 00:25:47,10
25,male,2,own,,moderate,1484,12,radio/TV,1,2007-06-07 09:33:28,435
31,male,2,own,little,,1393,24,car,0,2007-06-07 22:06:23,758
27,male,2,own,moderate,,2463,24,car,0,2008-04-10 10:53:06,764
26,male,2,rent,little,,3518,6,car,0,2008-05-27 01:02:08,489
40,male,1,own,little,little,1361,6,car,0,2008-02-25 02:24:28,516
35,male,1,own,little,,4679,24,car,0,2008-03-22 11:24:52,469
29,male,2,own,moderate,moderate,2896,24,radio/TV,0,2007-08-14 17:38:07,692
34,female,2,own,little,,4454,36,radio/TV,0,2007-09-11 16:51:03,910
33,female,1,rent,,,2186,15,furniture/equipment,0,2007-09-18 13:32:55,898
53,male,2,own,quite rich,,2835,24,furniture/equipment,0,2007-06-05 11:09:49,6
49,male,1,own,,little,1262,12,furniture/equipment,0,2008-04-20 03:21:49,277
26,male,2,own,little,moderate,1201,24,car,0,2007-05-14 08:35:00,481
47,male,1,own,little,moderate,958,12,car,0,2008-05-02 18:45:00,422
32,male,2,own,quite rich,,2978,6,furniture/equipment,0,2008-01-23 05:06:44,165
28,male,2,own,little,,3595,36,radio/TV,0,2007-12-05 19:39:40,877
44,male,2,own,,,3485,20,car,0,2007-05-14 07:07:56,901
30,male,2,own,little,moderate,639,12,repairs,1,2007-12-28 17:09:43,127
36,male,2,own,,,3079,36,car,0,2008-01-08 05:20:44,370
62,female,2,free,little,,3757,24,car,0,2008-03-01 04:50:15,487
22,female,2,rent,little,little,1858,12,furniture/equipment,0,2008-04-18 04:07:04,623
44,male,1,own,little,moderate,6204,18,repairs,0,2007-10-22 15:20:23,42
23,male,2,rent,little,moderate,1534,12,radio/TV,1,2007-11-21 01:29:50,540
27,male,2,own,little,,2613,36,repairs,0,2007-06-27 15:27:33,225
36,male,2,own,,moderate,2181,30,car,0,2008-02-16 11:53:05,882
24,female,2,own,little,,932,6,radio/TV,0,2007-09-13 16:01:46,102
66,male,3,own,little,rich,1908,30,business,1,2007-07-28 00:00:19,213
32,female,2,own,little,moderate,2528,27,business,0,2007-09-13 02:21:39,704
37,female,2,own,little,little,609,6,car,0,2008-05-24 13:53:33,515
43,male,2,rent,little,little,4843,12,car,1,2007-12-22 16:17:29,668
60,male,2,own,little,little,2246,12,furniture/equipment,1,2007-08-20 06:26:06,589
29,male,2,own,little,moderate,1103,12,radio/TV,0,2007-08-18 17:22:55,696
35,male,2,own,quite rich,little,1680,12,radio/TV,0,2007-11-18 13:44:04,114
34,male,3,own,little,rich,1337,9,radio/TV,1,2008-05-31 13:02:21,720
66,female,1,own,quite rich,moderate,790,9,radio/TV,0,2007-06-20 03:55:15,723
54,female,3,rent,little,,3568,15,radio/TV,0,2007-09-06 08:28:27,967
29,female,2,rent,rich,moderate,7758,24,car,0,2007-11-18 17:39:47,153
41,male,2,own,little,moderate,6361,18,furniture/equipment,0,2008-02-20 16:40:00,659
51,male,2,own,,,3342,36,radio/TV,0,2008-04-06 08:59:43,214
33,male,2,rent,little,little,950,15,car,1,2007-10-21 20:05:21,170
27,male,2,own,quite rich,moderate,2326,15,business,0,2007-07-24 16:51:03,388
27,female,1,own,little,little,3643,15,furniture/equipment,0,2007-05-03 04:28:36,319
23,female,2,rent,,little,1200,12,education,0,2008-04-27 09:08:43,221
25,female,2,rent,,,1283,22,car,0,2007-05-29 19:39:11,382
57,female,1,own,quite rich,rich,1258,24,radio/TV,0,2007-10-15 13:09:24,975
23,male,2,own,,little,900,12,car,1,2008-03-25 11:50:12,661
24,male,1,rent,little,,1768,12,furniture/equipment,0,2008-06-23 15:48:18,122
30,female,2,own,little,,8133,36,car,0,2008-06-03 19:03:00,70
26,female,2,own,little,,3181,24,radio/TV,0,2007-09-25 04:36:51,64
29,male,3,rent,moderate,,1901,24,radio/TV,0,2007-12-14 21:04:17,279
32,male,2,own,little,little,4583,30,furniture/equipment,0,2007-12-20 22:49:41,646
42,male,2,free,,,10477,36,car,0,2007-12-11 03:05:03,902
27,male,2,own,little,little,1657,12,furniture/equipment,0,2007-12-27 05:22:12,260
23,female,3,own,little,rich,1961,18,car,0,2007-09-10 04:53:27,58
44,male,1,own,,little,4716,6,car,0,2008-01-19 00:02:00,693
25,female,2,own,little,little,3509,18,radio/TV,0,2007-11-19 03:46:51,777
24,female,1,own,little,little,626,12,radio/TV,1,2007-05-17 07:07:29,548
47,male,2,free,moderate,moderate,12612,36,education,1,2008-05-15 10:23:25,87
45,male,1,own,,,1287,10,car,0,2007-09-28 04:12:03,297
41,female,1,own,little,moderate,5954,42,business,0,2007-06-22 12:37:14,73
25,male,2,rent,quite rich,moderate,3213,18,radio/TV,0,2007-06-17 09:43:33,342
37,male,2,rent,little,little,3676,6,car,0,2008-06-05 22:58:54,617
38,male,1,own,little,little,2171,12,car,0,2007-12-17 08:22:06,892
42,male,1,own,little,,1544,4,radio/TV,0,2007-11-01 13:50:47,234
31,male,2,own,little,rich,4473,36,radio/TV,0,2007-06-10 17:49:14,328
20,female,2,own,little,moderate,1967,24,radio/TV,0,2007-09-26 04:28:25,410
31,female,2,own,little,,9566,36,radio/TV,0,2008-01-30 16:14:04,57
33,male,1,own,moderate,little,727,12,radio/TV,1,2008-01-25 09:57:15,307
57,female,1,free,little,,2748,12,education,0,2008-01-13 03:11:48,263
29,female,3,own,little,,1412,12,business,0,2007-09-10 07:32:58,85
27,male,2,own,little,,8648,24,business,1,2008-02-13 13:15:39,402
61,male,2,free,,moderate,1239,18,education,0,2008-06-08 08:21:02,360
26,male,3,own,little,,4463,36,radio/TV,1,2007-11-03 11:28:22,357
50,male,2,own,little,,1574,12,furniture/equipment,0,2007-05-19 06:27:51,281
32,male,3,own,little,little,1880,18,radio/TV,0,2007-10-04 05:47:07,644
32,male,1,own,little,,1231,10,car,0,2008-04-21 23:08:19,264
26,male,2,own,little,little,1345,18,radio/TV,1,2008-03-18 11:13:28,819
21,female,2,rent,,,1126,18,radio/TV,0,2008-01-20 13:30:30,386
20,female,1,rent,little,moderate,2718,24,car,1,2008-04-12 12:34:40,593
48,male,2,free,,,9277,24,car,0,2008-05-23 11:15:16,881
31,female,2,rent,,,2901,10,car,0,2008-01-21 10:08:36,767
24,female,2,own,little,moderate,1237,8,furniture/equipment,1,2007-08-07 01:40:33,308
26,female,1,own,little,moderate,1113,18,radio/TV,0,2007-05-24 12:55:23,524
30,female,2,own,little,,1055,18,car,0,2007-06-09 07:06:13,161
23,female,2,own,little,,1943,18,repairs,1,2007-11-29 04:41:50,842
31,male,2,rent,little,little,2302,36,radio/TV,1,2008-01-14 12:37:15,528
35,male,0,own,,moderate,1549,9,car,0,2008-04-24 04:59:48,799
35,male,3,own,little,,7253,33,car,0,2008-04-03 06:25:20,411
48,male,2,own,little,,2134,9,car,0,2007-12-24 16:28:30,20
64,female,2,own,moderate,,1409,13,radio/TV,0,2008-04-24 21:09:58,987
37,male,2,own,little,rich,2100,18,radio/TV,1,2008-05-30 10:15:31,37
46,male,2,own,little,rich,1343,6,car,0,2007-11-09 13:58:15,871
35,male,3,own,little,,3780,18,furniture/equipment,0,2007-06-14 01:02:50,824
47,male,2,own,little,,1393,12,education,0,2007-08-06 05:12:05,635
30,male,2,own,little,,4657,15,car,0,2008-05-16 12:50:30,224
48,female,1,free,moderate,rich,1240,10,car,1,2007-10-24 10:39:34,611
60,female,3,free,moderate,moderate,14782,60,vacation/others,1,2007-06-11 07:08:00,374
38,male,2,own,little,,1924,10,radio/TV,0,2007-10-04 11:09:45,151
55,female,3,own,,rich,1424,12,furniture/equipment,0,2007-12-02 14:39:04,448
45,male,1,own,quite rich,,1750,6,radio/TV,0,2007-05-25 13:59:51,551
65,male,2,free,little,little,2600,18,radio/TV,1,2007-12-16 20:17:19,624
30,male,3,own,little,moderate,4455,36,business,1,2007-07-12 14:08:58,181
33,male,2,own,little,moderate,6403,24,radio/TV,0,2008-04-08 03:24:26,730
29,female,2,own,,,5003,21,car,1,2007-11-29 15:51:45,557
44,male,2,own,moderate,moderate,1804,12,car,0,2007-08-14 09:05:33,23
